{"cameraMode":{"drawMode":0,"name":"Shaded","section":"Shading Mode"},"sceneLighting":false,"audioPlay":false,"sceneViewState":{"m_AlwaysRefresh":false,"showFog":true,"showSkybox":false,"showFlares":true,"showImageEffects":true,"showParticleSystems":true,"showVisualEffectGraphs":true,"m_FxEnabled":true},"in2DMode":false,"pivot":{"x":-5.479433536529541,"y":1.8854120969772339,"z":0.8889698386192322},"rotation":{"x":-0.0007629852625541389,"y":-0.9964247941970825,"z":-0.0006616796599701047,"w":-0.0895637720823288},"size":1.1116430759429932,"orthographic":false}