{"cameraMode":{"drawMode":0,"name":"Shaded","section":"Shading Mode"},"sceneLighting":true,"audioPlay":false,"sceneViewState":{"m_AlwaysRefresh":false,"showFog":true,"showSkybox":true,"showFlares":true,"showImageEffects":true,"showParticleSystems":true,"showVisualEffectGraphs":true,"m_FxEnabled":true},"in2DMode":false,"pivot":{"x":23.488779067993165,"y":2.1906795501708986,"z":12.648009300231934},"rotation":{"x":0.07629060000181198,"y":0.6634507775306702,"z":-0.06838329136371613,"w":0.7414851188659668},"size":14.192623138427735,"orthographic":false}