{"cameraMode":{"drawMode":0,"name":"Shaded","section":"Shading Mode"},"sceneLighting":true,"audioPlay":false,"sceneViewState":{"m_AlwaysRefresh":false,"showFog":true,"showSkybox":true,"showFlares":true,"showImageEffects":true,"showParticleSystems":true,"showVisualEffectGraphs":true,"m_FxEnabled":true},"in2DMode":false,"pivot":{"x":-4.1848859786987309,"y":1.6016501188278199,"z":-0.3912954330444336},"rotation":{"x":-0.20119701325893403,"y":-0.42369216680526736,"z":0.09533639252185822,"w":-0.8785644173622131},"size":1.0986895561218262,"orthographic":false}